marka,sikayet_tarihi,sikayet_eden_kullanici,sikayet_baslik,sikayet_metni
Dalin,20.08.2020,Hasan B.,Yenilenen Dalin Bit Yapıyor,1.5 evvel almış olduğum Dalin şampuan kızlarıma bit yaptı. Yenilenen içerik adı altında aldığım Dalin şampuan 3 yaşındaki çocuğumda hem yüzünde vücudunda sivilcelenme şeklinde alerji yaptı ben gıda alerjisi olduğunu zannettim fakat değil doktor şampuandan kaynaklı olabileceğini söyledi. Ayrıca büyük bu şampuanı kullanmaya başladığımızdan beri çocuklarımın saçında ilk defa bit oluştu. Yenilenen Dalin bit yapıyor... 
Dalin,18.08.2020,Fulya Ö.,Dalin Saç Keçe Gibi Oldu,Dalın şampuanını 2 çocuğumda kullanıyorum bir türlü anlamadığım kızımın saçlarını keçe gibi yapıyor. Saç kreminde kimyasal maddeler var diye kullanmak istemiyorum. Saçları keçe gibi sert hem de çok zor taranıyor yerli malı diye kullanıyoruz ama sonuç çok kötü. 
Dalin,17.08.2017,Ayşenur S.,Dalin Göz Yakmaz Diye Aldık Göz Yakıyor!,2 buçuk yaşında oğlum şimdiye kadar hep Dalin kullandık çok memnundum son aldığım Dalin'le yıkadığım zaman çocuğun öyle bir gözleri yanıyor ki düş aldıramıyorum korkuyor ağlıyor tekrar Dalin aldım o da yakmıyor gözlerini anlamadığım neden böyle sansa göre mi alacağız dalını ya yakar ya yakmaz paramız boşuna gitti.
Dalin,17.08.2020,Eda D.,Dalin Bebek Yağının Kıvamı Jöle Gibi Oldu!,Bebeğime bebek yağı aldım üç kere kullandıktan sonra bebe yağı jöle kıvamı aldı sebebini idrak edemedim bir türlü sonuçta bebeğimize kullanıyoruz neden bu tarz sorunlarla karşılaşıyoruz bilmiyorum. Şampuanda aldım fakat bebeğim şampuanla yıkanınca gözlerini açamıyor. Gözleri banyodan sonra kıpkırmızı oluyor.
Dalin,16.08.2020,Berke B.,Dalin Saçımda Kepeklenme Yapıyor!,Çocukluğumuzda severek kullandığımız Dalin şampuan artık ciddiyetini bozdu. Saçlarımda aşırı derecede kepeklenme yaptı cildim kızardı sivilce ve yanma yaptı. Lütfen bu sorunu çözüm bulun firmanızdan şikayetçi olmak için hafta içi mahkemeye dilekçe vereceğim Dalin!
Dalin,10.08.2020, İlayda Gamze Ç.,Dalin Gözleri Yakmayan Formül Yazıyor Ama Yakıyor,Doğacak bebeğime aldım 10 yaşında kızım kullanmak istedi. Göz yakmaz aç gözlerini dememle bağırarak anne gözlerim çok yandı dedi ve şaşırdım açıkçası dalini çok severim. Kızımda da her şeyini kullandım ama 1 ay sonra doğum yapacağım 2 adet büyük boy aldığım şampuanı bebeğime kullanamayacağım diye endişeliyim yardımınızı rica ederim.
Dalin,08.08.2020,Beril S.,Resmen Dalin Sivilceye Sebep Oldu,"Dalin şampuanı makyaj ve yüz temizlemek için kullanıyordum ama bir haftadır yüzümde aşırı sivilcelenmeler oluyor ki, sivilce sorunu yaşayan biri değilimdir. Bu bir bebek şampuanı en çok bunun zarar vermemesi gerek ama durum bu. Yüzümde değişik sivilceler çıktı bu şampuan yüzünden. Bir an önce eskisine dönün, lütfen hiçbir işe yaramıyor bu haliyle."
Dalin,06.08.2020,Fatma U.,Dalin %98 Doğal Kökenli İçerik Şampuan," Dalin şampuanı Gratis'ten aldım kızıma doğduğundan beri kullandığım 8 senedir aynı şampuan. Fakat en son 1 hafta önce aldım, fakat hem kokusu yok banyodan çalınca hiç kokmuyor saçları aşırı köpükleniyor ve su gibi kıvamı var daha önceden aldıklarım hiç böyle değildi. Gayet memnuniyetle kullanıyordum. Bu son aldığım kötü çıktı galiba. Kontrol eder misiniz?"
Dalin,16.07.2020,Ayça S.,Dalin Deterjan Ve Yumuşatıcı Kokmuyor,Hepimiz biliriz dalının kendine has o kokusunu ve bebeklere ne çok yakıştığını Bebeğin olduğu oda resmen belli olurdu Ama artık Dalın bu özelliğini yitirmiş durumda Dalın yumuşatıcı ve sıvı deterjanı ancak kutusunda iken kokuyor. Çamaşırlarda hiçbir koku yok. Biz de mi sıkıntı dedim makineden mi kaynaklı acaba dedim. Aldım deterjan yumuşatıcımı başka bir makinede denedim yıkamayı ve sonuç değişmedi. Dalın üreticileri lütfen dikkate alsın bir sıkıntı var bence. Diğer kullanan annelere sordum onlarda da aynı sorun var başka bir marka önerdiler bende denemeye karar verdim. Derdim çok kimyasala bulaşmak tabii ki değil ama bu da sanki hiç deterjan la yıkanmış yumuşatıcı kullanmamış gibi hatta sanki rutubetli gibi değişik bir koku hiç hoşlanmadım. Sonuçta bir işe yaramıyor ise o parayı verip de almanın hiçbir anlamı yok. Umarım Dalın yetkilileri bunu dikkate alırda o özlediğimiz Dalın kokusu eski haline geri gelir.
Dalin,19.05.2020,Ümit K.,"Dalin 1,5 Yaşındaki Oğlumda Cilt Alerjisi Yaptı!","Yaklaşık 55 gündür gıda alerjisi olarak düşünerek tüm alerjen gıdaları ( yumurta-ceviz-süt- glüten, vs...) kestik, evi toz alerjisine karşı dip köşe defalarca temizledik fakat geçmedi. Tek değiştirmediğiniz Dalin sabun ve Dalin şampuandı. Bir önceki şampuanlarda hiçbir şey olmamıştı. Ebebek'ten 4 kutu olarak toplu 1000 ml Dalin şampuan (Seri no...: 124385.1) almıştık. Ve 2 aydır yeni aldığımız bu şampuanla oğlumuzu yıkadık. 

Hatta yüzünü ve ellerini de güvendiğimiz için sürekli Dalin sabun ve şampuan ile yıkıyorduk. 2-3 günde bir banyo yaptırıyorduk ve sıcaklar geldiği için her gün duş aldırmaya ve saçını Dalin şampuan ve vücudunu Dalin sabun ile yıkamaya devam ediyorduk. Her banyo sonrası yüzündeki sivilce benzeri oluşumlar kızarıyor ve aşırı saç derisinde ve yüzünde kaşıntı başlıyordu. Geç anladık şampuan alerjisi olduğunu. Ayrıca bu seri gözde de yanma yapıyor. Küçücük yavrulara neden bunu yapıyorsunuz. Bir açıklama bekliyoruz. Bir daha hiçbir Kopaş Kozmetik ürününü kullanmayı düşünmüyoruz."
Dalin,08.03.2020,Tuğçe K.,Dalin Etiketi İle Ambalaj Üzerinde Yazanlar Uymuyor,Üzerinde sls içermez yazan Dalın markası bebek şampuanın da içeriği okuduğumda sodyum laured sülfat olduğu yazıyor! Yanıltmaya ne hakkınız var? Böyle büyük bir marka bile bunu yapıyorsa diğerlerini düşünemiyorum. İçine koyuyorsanız neden sls içermez yazıyorsunuz? Paraben alkolde içermez yazmışsınız belki onlarda var diye düşünüyor insan. Kime güveneceğimizi şaşırdık. Eğer içinde yoksa dalının içinde sls içermediğini deklare etmesi gerekiyor. Bu konuda tek şikayet yazanda ben değilim insanlar da fark etmiş neden hala bu durum devam ediyor. İlgili makamlara kadar şikayetimi yapacağım insanların sağlığı ile oynamaya hakkınız yok.
Dalin,17.07.2020,Nefise K.,Dalin Üretim Ve Son Kullanım Tarihleri,"İki çocuğum var biri 6 diğeri 9 yaşında dünyaya geldikleri günden bugüne kadar Dalin kullandık en son aldığım şampuanında tuhaf bir koku aldım ve üzerinde tarih aradım ama bulamadım. 

Bugün yenisini almak için gittim baktım raflardaki hiçbir üründe tarih yok sorduğumda raf ömrünün 5 yıl olduğunu söylediler üretim tarihi olmayan bir ürünün kaçıncı yılında olduğunu nereden bileceğiz bir tarih yazmak bu kadar zor mudur söz konusu çocuklarımızdır."
Dalin,06.07.2020,Ahmet S.,Dalin Şampuanın Pompası Çalışmıyor!,Aldığım Dalin bebek şampuanın pompası çalışmıyor. Acaba bu ürünler hiç kontrol edilmeden mi satılıyor?
Dalin,25.06.2020,Melis P.,Dalin Sprey Yağ Yağlılık Hissi Bırakmaz Yapış Yapış Yapar,Hiç beğenmedim. Yapış yapış oluyor kıvamı da yağ formunda değil kokusu çok parfümlü. Bir kez aldım bir daha da almam. Vücuduma sürüyorum 1 gün geçiyor hala yapış yapış. Sadece ayağıma sürüyorum. Bebek için alınmış ve sürülmüş olsa bebişin vay haline
Dalin,18.05.2020,Mikail Ü.,Dalin Şampuanda Sls Var,Dalınn şampuan üzerinde sls paraben alkol içermez yazıyor ama içindekiler kısmı hiç de öyle demiyor. Bir de şikayet altına cevap olarak hep aynı şeyler yazılıyor firma tarafından yardımcı olunmayacaksa bu Forum neden oluşturuldu. Düzeltileceği hakkında hiçbir cevap verilmiyor.
Dalin,23.07.2020,Saadet D.,Dalin Kolay Tarama Bebek Şampuanı Felaketi,"Yaklaşık 3 ay önce markanızın kolay tarama bebek şampuanını satın aldım. Ve iki haftadır kullanmaya başladım. 5 yaşında ki kızımın doğduğundan beri sizin markanıza ait şampuanlarınız, sabunlarınız ve kremleriniz ile bakımını gerçekleştiriyorum. 

Şampuanınızı kullandıktan sonra kolay tarama özelliği bulunduğunu söylemiş olduğunuz şampuanınız kızımın saçlarını adeta mahvetti. Her defasında saçlarında silikon bazlı bir kalıntı kalıyor. Hemen şampuana suç bulmamak adına kendimde de denedim. Sonuç bende de aynı. Saçlarımı tararken o kadar zorlandım ki emin olun saçlarımı o anda kesip kurtulmak istedim. Piyasada kolay saç tarama özellikli başka bir markanın şampuanını aldım. Onda sonuç harika çıktı. 

Şampuanınız ile alakalı muhakkak bir ArGe çalışması yapmanızı şiddetle tavsiye ederim."
Dalin,28.03.2020,Kenan,Dalin Bebe Şampuanı Üretim Tarihi Yok!,"Dalin Bebe şampuanı üretim tarihi yok. Sahte ürün mü üretiyor? 6 gündür en az 20 mağaza gezdim sırf üretim tarihi yok diye fakat bir normal ürün bulamadım bende Dalin müşteri hizmetlerini aradığımda bunların 5 yıl raf ömrü olduğunu, ürünler artık bu şekilde çıkacağını seri numarasını söylersem bana üretim tarihini söyleyeceğini bildirmişlerdir. Sorumsuzluğun da böylesine vallahi pes! Bende yarın 5 varil alayım size şampuan yapayım olur mu?"
Dalin,06.08.2020,Ayben Ö.,Dalin Pişik Kremi Ve Granül Sabun Pişmanlığı,Almış olduğum Dalin pişik kremi ve Dalin granül sabundan memnun kalmadım. Pişik kreminin içinden siyah siyah şeyler geliyor neredeyse her sıktığımda çamaşır detarjanıysa içi topak topak çamaşırlarda lekeler duruyor. Yıkamayınca da aynı yıkayınca da pek anlamadım ben bu işi.
Dalin,10.05.2020,Harun A.,Dalin Bebe Şampuanı Bebeğimizde Alerji Yaptı,Bebeğimiz bir haftalık ken dalın bebe şampuanı ve sabunu ile yıkamaya başladık. Her yıkamamız da sivilce ve isilik çıkmaya başladı ve artarak devam etti şampuandan olduğunu hiç düşünmemiştik. Krem kullandık geçmedi mamayı değiştik. Geçmedi 15 günün sonunda dalın şampuanı kullanmadık suyla iki defa yıkadık şükür geçti. Sorun dalın sabun ve şampuandan imis. Yazık bebemiz 15 gün perişan oldu. Dalın şirketine hakkımı helal etmiyorum. 
Dalin,29.05.2020,Buket Y.,Dalin Yeni Üretim Şampuan Sorunu,Yaklaşık 10 senedir Dalın bebek şampuanı kendi saçıma kullanmaktayım. Öteki şampuanlarda daha iyi hem saçta yağ yapmadı hem de dökmüyor. Ama yeni çıkardıkları bu o alkol falan kötü hem kokusu kötü hem de saçı döküyor. Saçı kötü yaptı eski klasik şampuanı devam etmezse almayacağım asla. Ve ne kadar kötü yaptıklarını her yerde söyleyeceğim maalesef.
Dalin,09.10.2017,Gaye E.,Dalin Granül Sabun Çamaşır Makinemi Bozmuştur!,"Yeni doğacak olan bebeğimizin çamaşırlarını yıkamak için almış olduğumuz Dalın Granül Sabun Deterjan ile ilk yıkamada çamaşır makinem bozulmuştur. Servisten gelen arkadaşlar makinenin içerisinde bebek çamaşırlarını görünce direkt olarak hangi marka olduğunu sordular. Dalin deyince arızanın nedenini hemen anladılar. Çünkü makinenin su alan aşağıdaki pervanesini jelatın gibi sararak dönmesine engel olmuş. 

Balçık gibi yapışmış durumdaydı, haliyle kullanıcı hatası kabul ederek servis ücreti ödedik. Ayrıca servisten gelenler biraz sulandırarak kullanın deyince öyle de denedik bu sefer de deterjanı almadı bile makine yine balçık gibi kaldı. 

Bizler yıllardır kendi çocukluğumuzdan beri annelerimizin bile kullandığı Dalin markasına yakışmayan bu ayıbın düzeltilmesini istiyorum. Fotoğraflar ve servis kayıtları makbuzları bulunmaktadır. Gerekli mağduriyetimizi telafi etmenizi bekliyoruz. Makineyi bozan bir deterjan sizlerin ismine yakışmıyor. Gerekli geri dönüş ve telafiyi bekliyoruz."
Dalin,18.07.2020,Murat Ö.,Dalin Sabun Göz Yakıyor,Bebeğime banyo yaptırırken vücudunu yıkadığımız esnada sesi çıkmayan çocuk kafasını yüzünü yıkarken feryat figan ağlıyor meğerse sabundanmış. Kendim denedim sabunu yüzümü yıkadım gözlerimi tam açmadım bile durularken kaçtı gözüme iki gözümde kıpkırmızı oldu deli gibi yandı orada anladım ki yavrum bu sebepten ağlıyormuş. Güvenip alıyoruz yılların markası diye ama aldanıyor muşuz resmen yazık.
Dalin,14.07.2020,Fethiye G.,Dalin Islak Mendil Üzerinde Folyo Ve Yapışkan Maddeler,"Bu zamana kadar güvenerek kullandığımız marka olan Dalın ıslak mendilden anlayamadığım değişik yapış yapış bir madde ve folyo benzeri kağıt çıktı. Ne olduğuna anlam veremedim kim bilir ne tür bir kimyasal içeriyordur. Bebeğimde pişik oldu bilmeden nasıl zarar verdim bebeğime... Şampuanımız, sabunumuz, kremimiz, bebek kolonyamız ve sayamadığım birçok ürününüzü kullanıyorduk ama şimdiden sonra hep bir soru işareti olacak aklımda. Firmanızdan acil cevap ve açıklama bekliyorum. Sonrasında ben de gerekli mercilere başvuracağım."
Dalin,21.05.2013,Engin,Dalin Bebek Yağı Alerji Yapıyor!,"Ben de Dalinın alo veralı yağı yüzünden şikayetimi bildireceği ürüne verdiği paranın üç katını da doktora verdim cildimi mahvetti. bugün doktora gittim Alsancak Devlet Hastanesi cildiye polikliniğine ve doktor hanım ***, bana ilaç verdi. ilaçların adını yazıyorum.   Advantan m losyon ve aerius film tablet bu ürününüz yüzünden kortizonlu ilaç kullanmak zorunda kaldım eğer düzelmezse tüketici haklarından size dava açacağım  yüzümü ve boynumu bir görseniz eminim sizde aynı şeyleri yapardınız. düşünün bu ürünleri birde bebekler kullanıyor. 20. 05. 20013 ürünün tarihi son kullanma 30. 10. 2013."
Dalin,24.05.2020,Derya O.,"Dalin Hiç Kokusu Yok
",Her gün banyo yaptırmama rağmen bebeğim hiç Dalin kokusu yok. Çamaşırlarınıda Dalin deterjan ve Dalin yumuşatıcı kullanıyorum. Onlarda da aynı şekilde hiçbir temiz Dalin kokusu gelmiyor. Benim küçüklüğümde de annem Dalin kullanırdı ve Dalin kokusunu bilirim artık ürünlerin içeriğini değiştirdiğiniz için ucuz piyasa ürünü yaptınız hiçbir kalitesi yok artık.
Dalin,20.01.2020,Ahmet B.,Dalin Bebek Sıvı Deterjan Çamaşır Suyu Kokuyor,"Yenidoğan bebeğimize alışveriş yaparken şampuanını Dalin almıştık, daha sonra bebek deterjanı olarak da Dalin olsun dedik ve sıvı Dalin deterjandan aldık. Yıkamaya başladığımız günden beri değişik bir koku alıyordum bebeğimin kıyafetlerinden sonra fark ettim ki Dalin Sıvı Bebek Deterjanı resmen çamaşır suyu kokuyor. Kıyafetler kuruduktan sonra çok daha keskin çamaşır suyu kokusunu alabiliyorsunuz. Bunca yıllık bildiğimiz Dalin sanırım artık eskisi gibi değil. Firma bu konuda daha fazla hassasiyet göstermeli bence, sonuçta en değerli varlığımız; evladımızı emanet ediyoruz o şampuanlara deterjanlara."
Dalin,16.01.2020,İsa K.,Dalin Ürünlerinde Son Tüketim Tarihinin Yazmaması,Dalin ürünlerinde küçük bebekler için üretim tarihi 2018 bunun tüketme tarihi ne olmalıdır anlam veremedim kapağı açtıktan sonra diyor mağaza. Kapağın içinde baskı yok ki kapak açması olacak bununla ilgili ne söyleyeceksiniz Dalin as olarak.
Dalin,02.04.2020,Serhat N.,Dalin Bebek Deterjanı Yumurta Kokuyor!,Aldığım Dalin bebek deterjanını her kullanışımızda bebeğin elbiseleri veya çarşafları çiğ yumurta kokmaya başladı. Başka nedenlerden olabileceğini düşündüm başka alternatifler denedim hiçbir şey yok sadece almış olduğum Dalin bebek deterjanından bu kokunun kaynaklandığını gördüm.Almış olduğum sıvı çamaşır deterjanını da ıslak mendili de şampuanı da hemen çöpe atıyorum. Bir daha da bu markayı kullanmıyorum.
Dalin,25.04.2020,Seda G.,Dalin Bebeğimin Kıyafetlerinde Kötü Koku Bıraktı,"Kullanmış olduğum rakip firmanın leke çıkartmaması sonucu, denemek için Dalın sıvı bebek deterjanını aldım yıllardır olan marka ismine güvenip aldanarak aldığım deterjan, bebeğimin kıyafetleride kuruduktan sonra iğrenç bir koku bıraktı. Kökünün tanımını yapamıyorum ama düşünün ki o kadar yumuşatıcı bile bastırmamış o kötü kokuyu. Yazıklar olsun diyorum gerçekten bebek ürünü satıyorsunuz ve böyle dikkatsiz, kontrolsüz içerikli ürün sunuyorsunuz bebeklerimizin cildine zarar veriyorsunuz. Bir daha asla tercihim olmayacaksın Dalin!"
Dalin,05.08.2020, Emre K.,Dalin Şampuanın Göz Yakması,Doğduğu günden bu zamana kadar kullandığım Dalın marka şampuanın yeni aldığım şişesini kullandım ve çocuğum köpürdük ten sonra ağlamaya başladı. Ne yapacağımı şaşırdım ve hızlı bir şekilde durulayıp sudan çıkardım. Suyu çok seven çocuğum şimdi biçi biçi yapalım dediğimde ağlıyor.
Dalin,21.04.2020,Damla U.,Dalin Sabun Göz Yakıyor!,Bebeğim henüz 3 aylık bütün bakım setini Dalın marka aldım bebeğimin sabununu da Dalın marka aldım birkaç kez vücudunu yıkarken yakmaz düşüncesiyle yüzünü yıkadım fakat Bebeğim huysuzlandı banyoyu sevmesine rağmen kendi yüzümü de yıkadım sabunlarınızın normal beyaz sabundan farkı yokmuş resmen gözüm kızardı bebeğimin neden huysuzlaştığını anladım ve pişman oldum sabunu alıp yıkadığıma.
Dalin,29.01.2020,İbrahim C.,Dalin Bebek Yağı Alerji Yaptı!,2 yaşında olan çocuğumuza ve 5 aylık bebeğimize Dalin ürünleri aldım. Bunlardan biri bebek yağı. Son kullanma tarihi geçmemiş olan ürün kötü kokuyor. Belki kokusu böyledir deyip kullandık ama çocuklarımızın cildinde egzama benzeri şeyler çıkarttı. İçlerinde en kimyevi olanı mı bizi buldu takdir sizindir. Dalin kimya laboratuarı varsa ürününüzü mutlaka inceleyin. Bu konuda iletişim bekliyorum.
Dalin,25.01.2020,Damla K.,Dalin Yenidoğan Islak Mendil Sorunu!,Büyük bir hevesle Dalin Yenidoğan ıslak mendil aldım. Bebeğimin yemek saatinden sonra yanaklarını sildim. 5 dakika sonra sildiğim yerler kıpkırmızı oldu. Hemen gittim soğuk suyla yıkadım 1 saate düzeldi. Herhalde bebeğimin cildi hassas diye düşündüm kendim kullanayım dedim aynısı bende de oldu... Sebebini bilmiyorum ama gerçekten çok üzüldüm... Öyle ucuz bir mendil de değil en iyisini alalım dedik bin pişman olduk. Şu anda yüzümde hafif bir ateşle yanma var. İnşallah bebeğim de böyle hissetmemiştir.
Dalin ,12.01.2020,Emrah K.,Dalin Ekşi Kokuyor,"Yenidoğan cildine özel olarak reklamları yapılan, organik pamuk özü+saf sudan oluşan 3'lü Dalin ıslak pamuk havludan 3 kutu aldım. Açtığımızda kokusuz diye beklerken yoğun ve şimdiye kadar hiç rastlamadığımız kötü bir koku ile karşılaştık. Ekşi ve farklı bir koku şarkınız ve ıslak mendil bozulur mu diye bile düşünüyoruz?"
Flormar,26.08.2020,Yeşim Y.,Flormar Bozuk Başlıklı Parfüm,"Flormar mağazasından 4 Temmuz tarihinde satın almış olduğum 2 adet parfümden birinin basma kısmı problemli çıktı, bir iki defa bastıktan sonra basmamaya başladı. Parfümü kullanamadım. 5 ağustosta bir Flormar mağazasına gidip durumu anlattım, bana üzerinden 1 ay geçti diye cevap verince ben de diğer parfümü önce kullanmaya başladığımı bu parfümü daha 2 gün önce açtığımı ve böyle bir problemle karşılaştığımı belirttim. Bu açıklama neticesi nihayet parfümü aldılar, incelemeye göndereceklerini belirttiler. O gün bugündür ses soluk yok, benim anlamadığım parfümün basma kısmı ile ilgili kullanıcı ne yapmış olabilir de incelemeye gidiyor ve geçen o kadar süreden beri bir dönüş yapılamıyor."
Flormar,26.08.2020,Zeynep G.,Flormar Allık  Pembelik Bırakmıyor,"Flormar Pendik 19 Mayıs Caddesi şubesinden almış olduğum Flormar glamorus blush marka ürünü kullandıkça, pembelik kısımları kalmadı. Üstelik çok az kullanmama rağmen. Sadece ortasında beyaz kısmı kaldı. Pembeler kenarlara doğru kaydı. Şu an kesinlikle allık olarak iş görmüyor. Pembelik bırakmıyor. Beyaz toz bırakıyor. Satarken şöyle iyi bir ürün dendi aldım. Aldığıma pişman oldum. "
Flormar,26.08.2020,Ece Ç.,Flormar Sarı Neon Oje,"Flormar'dan aldığım sarı neon oje ne yapsam çıkmıyor tırnağımdan! Hiç mi kontrol etmediniz! Ne boyası var içinde bunun! Korkunç sapsarı tırnaklarım oldu sayenizde. Buna bir çözüm söyleyin. Aseton, alkol ne varsa kullandım! Tırnaklarım iyice yıprandı. Flormar buna ne çözümün var acaba! Nasıl düzelecek. Alttaki yorumları okuyunca aylarca geçmedi deniyor, resmen en sevdiğim markadan soğudum bu oje sayesinde."
Flormar,24.08.2020,Buse A.,Flormar 420 Neon Yellow Oje,Altına baz sürmeme rağmen ojeyi sildikten sonra tırnaklarımda sarı boya kaldı. Asetonla üzerinden silmeme rağmen asla geçmiyor. Şu an tırnaklarımın yarısında o sarı boya kalıntısı duruyor. Ve sadece uzadıkça geçiyor çok sinir bozucu bir durum. Ojesiz dışarı çıkamıyorum artık
Flormar,23.08.2020,Necmettin K.,Flormar Çevre Kirliliği Yapan Personeller,"Flormar Ankara Bahçelievler aşkabat caddesinde çalışan elemanlara defalarca yan binanın önünde sigara içip, izmaritleri atmayın dediğimiz halde defalarca uyardığımız halde her gün onlarca sigarayla çevreyi kirletiyorlar.  Lütfen acil olarak bu konuyla ilgilenilmesini rica ediyorum."
Flormar,21.08.2020,Hale Ö.,Flormar Ojelerde Değişim Yapılmaması,"Dün Capitol AVM Flormar şubesinden 2 adet oje aldım, aldıktan 10 dakika sonra ürünün yanlış rengini aldığımı fark edip, aldığım yere götürdüm. Ama değişim olmadığını söylediler ve ürünü değiştirmediler. 10 dakika sonra götürülen ürün bile değişim yapılmıyor, böyle bir uygulama hiçbir kozmetik mağazasında yok, çok şaşırdım."
Flormar,20.08.2020,Ayşegül K.,Flormar'dan Aldığım Rengi Bozulan Oje,Flormar'ın ınternet sitesinden verdiğimiz alışverişte oje aldım. Fakat birkaç gün geçtikten sonra garip bir şekilde renk değiştirmeye başladı ve rengi solmaya başladı. Çok kalitesiz ve kullanışsız bir ojeymiş. Hiç memnun kalmadım maalesef ve param boşuna gitti tekrar alacağımı düşünmüyorum.
Flormar,20.08.2020,Zeynep Ş.,Flormar Oje Tırnaklarımı Mahvetti,Flormar'dan aldığım Full Color serisine ait Lemoncello isimli oje tırnaklarımda sarı lekeler bıraktı ve ne yaparsam yapayım bu lekeler asla çıkmıyor.   Yine Flormar'a ait oje çıkartıcıdan karbonata kadar defalarca çıkarmayı denedim. Tüm bunları yaparken de tırnaklarım mahvoldu. Artık soyuluyor ve kırılıyorlar. Bu oje hakkında çok fazla şikayet olduğunu görüyorum.   Eğer bunu gidermenin bir yolu yoksa baz kullanılması aksi takdirde tırnaklarınızın aylarca sarı kalacağı uyarısını üstüne yazmaları gerekiyor.
Flormar,19.08.2020,Yasemin T.,Flormar Sarı Oje Tırnaktan Çıkmıyor,Resmen böyle bir marka için fiyasko diyecek başka kelime yok. Böyle bir ürünü raflarda nasıl bulunduruyorsunuz? 3 hafta olmasına rağmen hala sarı lekeler tırnağımdan çıkmadı. Diğer yorumları da okuyunca anladım ki çikması da gözükmüyor. Buna acilen bir çözüm bulmalısınız. Bundan sonra hayatımda böyle bir markaya yer olmayacak.
Flormar,18.08.2020,Seda T.,Flormar Hediye Seti Göndermedi,"Merhaba, 

99 TL ve üzeri alışverişlerde 85 TL değerindeki hediye set için kampanya süresi içerisinde sitenizden 110 TL tutarlı alışveriş yaptım. Sepete otomatik eklenecektir yazmasına rağmen eklenmedi. Bugün kargom geldi ama maalesef hediye seti falan da gelmedi. Geri dönüş yapılmasını istiyorum."
Flormar,18.08.2020,Başak Ö.,Flormar Sari Oje Yeni Almama Rağmen Tırnağımda Sari İzler Bıraktı,Flormar oje yıllardır kullanıyorum sari ojeyi de rengini beğenip aldım. Silmek istediğimde ise tırnaklarımda sari izler vardı ve asetonla silmeme rağmen kaç kez çıkmıyor. Flormar markasının acilen tırnağımdaki lekelere çözüm bulmasını istiyorum. Ne yaptıysam çıkmıyor. Üstüne hafif kapansın diye farklı oje dahi surdum yine de çıkmıyor. Acilen tırnaklarıma çözüm bulunmasını istiyorum
Flormar,17.08.2020,Konca A.,Flormar Sahte Reklam Ve Verilmeyen Hediye Seti,"Flormar sitesinden 4 ürün aldım, sepete ekledim. 101 TL tuttu. Ödemeye geçtiğinde sürekli stok kontrol ediniz uyarısı geliyordu. 99 TL alışveriş yapana hediye seti veriyormuş onu eklemiş sepetine haberim yoktu o an anladım. Sorun burada başlıyor. Stok kontrolü hediye set için ve 94 TL düşürdüğümde bir ürünü bırakınca hediye set silindiği için ödeyebildim. Sırf hediye vermemek içinmiş stok kontrolü. Reklamları doğru değil ve yanıltıcı. Bugün siteye baktım aldığım ürünler daha indirimde bugün alsam 72 TL tutuyor. Flormar ne yapmaya çalışıyor. Ürünler kargoda, iadesi işlemleri uzun ve sıkıcı. Bu nasıl satış politikası. Her yerde fiyat farklı sitede ayrı Instagram'da ayrı. Gelmeden iade etmek istiyorum. Ya da kaybımı karşılayın."
Flormar,16.08.2020,Gönül M.,Flormar Sarı Oje Aldım Tırnak Sararmaları Ve Aylarca Süren Sarılık Yaptı,"Severek aldığım sarı oje tırnaklarımı mahvetti. Oje demeye bin şahit ister sıvı şu gibi kötü  bir görüntüsü var. Tırnaklarım sarardı resmen, ne denediysem çıkmıyor. Aylardır uğraştım bu kötü sararmaları çıkartmak için ama yok. Kötü bir görüntüsü var sayenizde. Yazıklar olsun Flormar gibi bir markaya yakıştıramadım."
Flormar,14.08.2020,Beyza R.,Flormar Sarı Oje Fiyasko,Flormar'dan aldığım sarı oje tırnaklarımı sapsarı yaptı. Ne denediysem geçmiyor. En azından nasıl geçeceğini söyleyin bana. Flormar gibi bir markadan hiç beklemeyeceğim bir durum gerçekten. Ojesiz gezemez oldum. Tırnaklarım o kadar sarı ki utanıyorum insanların görmesinden.
Flormar,14.08.2020,Burcu Ö.,Flormar'da Virüs Bahanesi,"Avcılar Marmara Cad üzerindeki Flormar mağazasından alışveriş yaptım. Outlet mağaza olduğu için indirim vardı. 5 adet oje aldım. Glitter shine oje reyonunda 8.99 TL ibaresi vardı. Ödemeyi yaptım fişime baktım 14.99 TL olduğunu gördüm. Ürünün fiyatını indirimli zannederek aldığımı ve iade yapmak istediğimi belirttim. Fakat kasadan geçtikten sonra iade yapılmadığı söylendi, bizim sağlığımız içinmiş. Satın aldıktan birkaç dakika sonra iade edilmediğine ilk kez şahit oluyorum. Eve götürdüğüm bir ürün değil bu mağazada indirim varmış gibi lanse edilen bir ürün! Bunun virüsle ilgisi yok, herkes dokunduğu ürünü satın almıyor! Bu mağazadan şikayetçiyim! Ürünün iadesinin yapılmasını ve mağduriyetimin giderilmesini talep ediyorum!"
Flormar,14.08.2020,Büşra Y.,Flormar Dipliner Kutusu Devamlı Kırılıyor,"Merhaba, 
Flormar'ın dipliner ürününü yaklaşık 10 senedir kullanıyorum. Ancak son 1 aydır 2 tane dipliner evde kullanırken yanlışlıkla yere düştüğünde anında kutusu çatladı ve içerisindeki tüm sıvı yere dökülerek kullanılamaz hale geldi. Çok memnun kaldığım bir ürün ancak sırf bu son zamanlarda ki kutu sorunu yüzünden bir daha almamayı düşünüyorum. 
Kutu kalitesinin düşürüldüğünü düşünüyorum. 
Yetkililerin acilen bu soruna bir çözüm bulması gerekli."
Flormar,13.08.2020,Özgül E.,Flormar Kasada Personel Saygısızlığı,Markantalya AVM şubenize alışveriş yapmak için saat 16:00 civarında mağazanıza girdim. Bir maskara ve waterproof göz kalemi reyondan alıp kasaya geçtim. Personeliniz ürünleri okuttu fiyat yüksek çıkınca sordum göz kalemi neden 24 TL rafta 12 TL yazıyor dedim. Bana kendisi hayır firma etiketleri birleşik gönderiyor ayıramıyoruz dedi. 12 TL olan kalem üst rafta 24 TL olan kalem alt rafta sonuçta benim alacağım kalemin önünde 12 TL yazıyordu. Ben böyle olmaması gerektiğini söyledim personeliniz sert tepki vererek o zaman ürünü çıkartıyorum dedi. Bende alacağım iki ürünü de kasada bırakıp çıktım ve hala arkamdan söyleniyordu. Mağazanız için hiç hoş bir durum değil.
Flormar,12.08.2020,Melis Ş.,Flormar Kampanya Ürünü Gönderilmedi,"Flormar'ın uygulamasından yaklaşık 130 TL lik bir alışveriş yaptım. Benim alışveriş yaptığım sırada 99 TL ve üzerine "" color Palette eyeshadow "" paletini hediye ediyorlardı. Benim ne sepetime otomatik olarak eklendi ne de kargo ile birlikte geldi. Paleti gönderirseniz sevinirim. Teşekkürler"
Flormar,27.06.2020,Elif Ö.,Flormar Ürün İadesi Hakkında,17 mayısta Flormar'ın sitesinden almış olduğum ürünler Yurtiçi Kargo takip kodu ile bir aydan daha uzun bir sürede elime ulaşmayınca müşteri hizmetlerini aradım. Onlarda bana MNG Kargo'ya verildiğini ancak MNG Kargo'nun ürünleri Flormar'a iade ettiğini söyledi. Ürünlerin eğer bir hafta gibi bir sürede elime ulaşacaksa iade etmeyeceğimi söyledim. Onlarda mümkün olmadığını iade ettiklerini söyledi. Ancak 10 gün geçmesine rağmen tarafıma ne bilgilendirme ne de para iadesi yapıldı. Flormar gibi bir firmanın bu kadar ilgisiz olmasına ve defalarca aramama rağmen beni oyalamalarına diyecek bir şey bulamıyorum.
Flormar,03.08.2020,Duygu E.,Flormar Full Color Nail Enamel FC23 Petite Mint Yeşili Ojesi,Ojeyi çıkarttığımda tırnaklarım sapsarı oldu. Sarı renk hiçbir şekilde gitmiyor ki tırnaklarıma çok özen gösteririm. 3 gündür geçmiyor. O kadar sarı ki sanki kalemle boyamış gibi nasıl gidecek hiç bilmiyorum. Tırnaklarım çok kötü durumda. Yılların markası Flormar'ın bu şekilde ojeler üretmesi beni çok üzdü. Elimdeki bütün Flormar'ları çöpe atacağım. İnsan sağlığı sonuçta.
Flormar,28.07.2020,Btceyl,Flormar İade Reddi Olması,Birkaç gün önce Trendyol aracılığıyla almış olduğum fondöten kargodan gelince hemen açtım paramparça özentisiz paketlenmiş ve kırılmış bende hemen iade ettim ve iadem reddedilmiş. Bu nasıl bir haksızlık ben şikayetçiyim benim hatam değil ki iadem reddedilmiş kim yaptıysa o basit paketlemeyi telafi edilsin ben para verip alıyorum.
Flormar,22.07.2020,Hira U.,Flormar Sarı Oje Leke Bırakıyor,"Flormar sarı full color FC20 kodlu oje bayılarak aldığım bir üründü lakin hiç aklıma gelmezdi sapsarı çirkin bir görüntüyü tırnağımda bırakacağı. Diğer renklerinde hiçbir sorun yaşamamama rağmen bu ürün tam bir fiyasko. 

Tırnağımdan biri haftadır o sarı rengi çıkmadı ne yaptıysam olmadı hala o ojenin satışta olmasını Flormar ailesine hiç yakıştıramadım. Lütfen ama lütfen bir çözüm bulunsun. Güzelim tırnaklarım ne hale geldi."
Flormar,13.07.2020,Elif C.,Flormar Fondöten Oksitlenip Kusuyor,Ben 2 gün önce Flormar markasına gidip fondöten almak istediğimi söyledim ve cildimin nasıl bir yapısı olduğunu da söyledim. Fakat hiçbir ürünü beğenmedim gereksiz para verdim. Pandemiden dolayı denetmediler de. Ben aldım bunu diğer gün sabah yüzüme sürdüm her şeyi ile birlikte otobüse bindikten sonra yüzüme baktım nasıl duruyor diye. Tek kelime ile çok kötü. Yüzümde ne fondöten kalmış. Bir o kadar da çirkin gözüktüm bu marka yüzünden. Lütfen ürünü satmak için satmayın! Bir daha buradan hiçbir şey almayacağım.
Flormar,27.07.2020,Sibel V.,Flormar Mağaza Sorumlusunun Saygısızlığı!,"18 Mart tarihinde Giresun Gazi Caddesi Flormar mağazasından alışveriş yaptım. 8 adet oje aldım ve eve gittiğimde birkaç renginin bende var olduğunu fark edip bir sonraki gün farklı renkleriyle değiştirmek istedim 100 TL'lik alışverişe hediye olarak da Fondöten almıştım fakat içeri girdiğimde mağazanın sorumlusu olan bir bayan vardı değişim talebime değişim yapamam kalem ve ojelerde değişim olmuyor gibi sert bir tepkiyle karşıladı ama hediye ürünlerde değişim olmadığı prosedürünü kendisi bile bilmiyor ve değiştirdi daha sonradan yanlış işlem uygulandığının ve ürünün kasadan düşmediğini geri getirmem gerektiğini söylediler üstelik fişim olduğu halde. Akşam aldığım üzerinden 24 saat bile geçmeyen ürünlerimde renk değişimi yapmayıp alışverişi yaptığım arkadaşımı arayıp beni şikayet eder gibi bir üslup kullanması üstüne bir de sen beni anlamıyor musun git kime şikayet edersen et al ürünlerini iade edeyim o zaman bak beni sinirlendiriyorsun gibi kelimeler kullandı, bunlar mağaza sorumlusu birine yakışmıyor. Ayrıca fişimi fondöten değişiminden sonra tekrar geri istediğimde vermeyip bölge müdürü L**beyi aradı kendisiyle ben görüşmek istedim telefonu vermedi fişin fotokopisini çektirip ver demiş onu bile kendim yaptım düşünsenize o kişi ben değil de bir başkası olsa 9 10 parçalık alışveriş yapıp tek parçasını değiştirip başka bir gün başka bir ürünü değişime geldiğinde değiştiremiyor fişi geri vermiyorlar. İlk problemim de bu yüzden olmuştu Mart ayında yüzde 40 indiriminde mağaza yoğundu değişim yapmak istediğimde ürünü verip sen bunu al biz değişimini yapalım yarın fişini alırsın demişti ve bir sonraki gün gittiğimde değişimi yapıp fişi attığını söylediler. Başka mağazada değiştiririm dediğimde sıkıntı olur al ürünü vereyim arkadaştan keserim ücretini demişti ve almayıp sinirlenip çıkıp gitmiştim. Şimdi bunu söylediğimde yalan konuşuyorsun sen ben öyle bir şey söylemedim arkadaşınla arandaki mesele dedi bana üslubunu hareketlerini mimiklerini kısacası müşteriyle olan diyaloğunu beğenmiyorum. Diğer mağazalar bu değişimleri yapıyorsa burada da yapılması gerekiyor oralar market tarzı yerler biz kurumsalız dedi bende kurumsal bir mağazada çalışıyorum müşteri memnuniyeti ilk sırada gelmesi gerekiyor değişim yapılmıyorsa bile müşteri memnun ayrılsın diye istisna durumların olması gerekiyor bir daha zaten o mağazadan alışveriş yapmam o bayan olduğu sürece. Zaten bu durumun çözülmesini ve değişimimin yapılmasını istiyorum."
Flormar,16.07.2020,Zeliha U.,Flormar Water Proof Eye Liner Kötü Bir Ürün,Eve Altınoluk Balıkesir mağazadan sudan etkilenmeyen eye liner istedim görevli bayan Flormar önerdi ertesi gün kullanıp toplantıya gittim mahcup oldum gözlerim akmış bırakın sudan etkilenmesini 1 saat dayanmadı firmaya güveniyordum geçen aldığım kaş kalemi de kötü çıkınca şikayet etmek istiyorum ürün kalitesi bozulmuş.
Flormar,11.07.2020,Serenay A.,Flormar Sipariş Verdiğim Halde Kargo Bulunamadı,Flormar on mobil uygulamasından yaptığım alışverişte sipariş takipte ürünlerinin kargoya verildiği yazıyor fakat Yurtiçi Kargo takipte kargo bulunamadı yazıyor. Kargo mu takip edemiyorum. Gereğinin yapılmasını arz ederim.
Flormar,02.07.2020,Türkan A.,Flormar'da Siparişim Geri Gitti,"16.06.2020 tarihinde Flormar indiriminden verdiğim siparişlerim 10 gün olduğu halde adresime ulaşmadı. Yurtiçi Kargo tarafından. Hesabıma girip baktığımda kargoya verildi olarak gözüküyor. 

Yurtiçi Kargo siparişimin geri gittiğini söyledi adresi bulamadıkları için ama hiçbir şekilde bildirilmedi. Flormar hesabımda para iadesine dair bir şey yazmıyor."
Flormar,26.06.2020,Petek K.,Flormar Kargomu Teslim Aldım Ama Ürün Yok. Boş Kutu Geldi.,18.06.2020 tarihinde Trendyol'dan Flormar'ın maskarasını sipariş vermiştim. Bugün kargom geldi ama paketi açtığımda kutunun içi boş çıktı sipariş verdiğim ürün yoktu. Trendyol da flormarda sıradan firmalar değil böyle bir şey kabul edilemez sorunumun çözülmesini istiyorum en kısa zamanda...
Flormar,13.06.2020,Begüm Ç.,Flormar Ürünüm Hala Gelmedi,Ürünüm 2hafta geçti hala elime ulaşmadı hala ürün hazırlanıyor yazıyor ürünüm ne zaman gelir? Bilseydim mağazalardan alırdım. Diğer arkadaşlarımın ürünü 1haftada ulaştı ben 2haftadır hala ulaşamıyorum o kadar para harcıyoruz. Lütfen geri dönüş yap Flormar...
Flormar,29.05.2020,Zeynep D.,Flormar'dan Gelen Makyaj Bazının Pompasının Çubuğu Yok,Bir iki hafta önce Flormar internet sitesinden sipariş verdim. 7-8 parça sipariş verdim makyaj bazında aldım. Yalnız pompa kısmında çubuğu yok. Kontrol yapılmıyor galiba evet uygun fiyatlı olabilir ama çöp değil tabi ki. Neden böyle oluyor görselleri ekledim çözüm istiyorum lütfen.
Flormar,28.05.2020,Nur Şimal U.,Flormar Siparişimi Günlerdir Geçersiz Kargo Numarasıyla Bekletiyor,"16 Mayıs tarihinde vermiş olduğum siparişim hala geçersiz bir kargo numarasıyla sistemde bekletiliyor. Günlerdir müşteri hizmetlerine ulaşmak mümkün değil, hiçbir şekilde dönüş yapmıyorlar resmen paramızla mağdur oluyoruz. Ek olarak madem bunu kaldıramayacak bir kargo ağınız var, farklı firmaların da yaptığı gibi farklı kargolarla senkronize bir şekilde çalışmak zorundasınız müşteri olarak bu operasyon sorununun sorumlusu ben değilim. Sizin dışınızda aynı tarihte alışveriş yaptığım tüm firmalar siparişimi ulaştırdı, 1-2 gün beklemeyi anlarım ama günlerdir bu nasıl bir kotadır da bir türlü sıra gelmiyor. Pandemi döneminde sınıfta kalmış, indirim sürecini de yönetememiş bir firmadır Flormar. Sipariş verecekler 1-1.5 ayı gözde çıkarak vermeli."
Flormar,27.05.2020,Öznur B.,Flormar Siparişim 10 Gün Oldu Elime Ulaşmadı. Kargo Takip No... Geçersiz Uyarısı,15.05.2020 tarihinde vermiş olduğum kargom hala elime ulaşmadı. Kargoya verildi yazıyor ama kargo takip numarama hatalı deyip kayıt bulunamadı diyor. Birçok kişinin aynı konudan sıkıntı yaşadığını görüyorum bu sorunun bir an önce çözülmesini ve kargomun elime ulaşmasını istiyorum beni bu konuda bilgilendirseniz çok memnun olurum...
Flormar,27.04.2020,Merve A.,Flormar Kargo Hata Sorunu,16.05.2020 tarihinde vermiş olduğum kargom hala elime ulaşmadı. Kargoya verildi yazıyor ama kargo takip numarama hatalı deyip kayıt bulunamadı diyor. Birçok kişinin aynı konudan sıkıntı yaşadığını görüyorum bu sorunun bir an önce çözülmesini ve kargomun elime ulaşmasını istiyorum beni bu konuda bilgilendirseniz çok memnun olurum...
Flormar,18.04.2020,Kader,Flormar Kişisel Bilgiler Alındı,"Flormar kişisel bilgilerimi açığa çıkardı telefonumu arayan arayana böyle sorumsuz firma görmedim derhal silinsin üyeliğim yoksa gerekli işlemleri başlatacağım.  Müşteri hizmetlerini aradım üyeliğimi sileceklerini söylediler fakat hala silinmedi hala yabancı kişiler arayabiliyorlar beni.

"
Danone,26.07.2020,Celal ,"Danone Tikveşli Tebrikler Kazandınız,tarihi Geçmiş!","26.07.2020 Danette puding aldık. İc kapakta kazandınız diyor ama 31.05.2020 kampanya bittiğinde yazıyor. İyide yaklaşık 2 ay gibi bir sure geçmiş urunu neden toplatmazsınız piyasadan ve üründe ürerim tarihide bulunmuyor...

 yani bu olay suna benziyor şirket reklam yapıyor 1.000.000 ürün kampanyalı diye satışa çıkartıldığı söyleniyor ancak piyasaya 1.000 adet sürülüp kampanya tarihi bitince de 999.000 adet kampanya suresi dolmuş ürün sürülerek kazanılan pudingler hiç ediliyor. 

kampanya suresi dolan ürünlerinizi piyasadan çekiniz o zaman  haksızlık yapmayın."
Danone,26.07.2020,İpek,Danone Tikveşli İçinden Çıkan Böcek Görünümlü Siyah Partikül,Bodrum'daki bir Şok marketten 5 adet x2 probiyotik  almıştım. Sonraki gün içmek için dolaptan çıkardığımızda ailecek fark ettik ki 3 tanesinde siyah siyah böceği andıran tanecikler vardı. Yıllardır envai çeşit ürününüzü alırım ilk defa bununla karşılaştım. Bundan 15 gün önce  ilk alışımda da birkaç siyah şey fark etmiştim ve internetten araştırdığımda da gördüm ki bir sürü insan bu durumdan muzdarip. Ayrıca birini kaseye döktüğümde kesik kesik olduğunu ve tamamen karışmadığını fark ettim halbuki iyice çalkalanmış Çocuklarıma artık bu ürünlerden tüketmeyi yasaklayacağım. Lütfen bir açıklama yapınız.
Danone,21.07.2020,Büşra,Danone Tikveşli Kakaolu Puding Memnuniyetsizliği!,Bugün bakkaldan 3 tane puding aldık kızım birini yedi bir daha istedi açtığımızda sok olduk içinde acayip bir şey vardı böyle bir şey nasıl olabilir böyle çocukların yediği bir şey de bir daha asla almayacağım ve gerekli yerlere ileteceğim çocukların sağlığıyla oynuyorsunuz bangır bangır reklam yapan bir firma.
Danone,14.07.2020,Yavuz,Bozulmuş Danone Pro Plus,"Merhaba, 

13 Temmuz 2020 tarihinde A101 marketinden aldığım Danone Pro+, son kullanma tarihi 30.11.2020 olmasına karşın ekşimiş ve lapa haline gelerek bozulmuş. Tadını ise belirtmeye gerek yok sanırım.
Ürünü dökmedim ve atmadım. Talep ederse Danone, gelip urunu alarak test edebilir."
Danone,14.07.2020,Nilay ,Danone Tikveşli Danone Kakaolu Süt Üzerinde SKT Bulunmaması,Ürünlerinizi çok uzun yıllardır kullanmaktayım. Zamanında Lüleburgaz tesisinizi de gezme şansım olmuştu. Çocuğum içinde ürünlerinizi tercih ediyordum. O kadar güveni yormuşum ki ürünlerinize markette üzerinde ki SKT kontrolü bile yapmayı gerekli görmemişim. Dün Tekirdağ kapaklı organize şubenizde ki Migros mağazasından aldığım kakaolu sütler SKT basılmamış seri/ parti no basılmamış. Bende bir sağlık firmasında çalışıyorum. Bu kabul edilebilir bir hata değil. Hele ki çocuklarımızın tükettiği süt ürünleri yapıyorsunuz. 
Danone,13.07.2020,Arzu,Danone Tikveşli Krema Skt Geçmemiş Olmasına Rağmen Bozuk Çıktı,"Tikveşli krema son kullanma tarihi 2020 12. Ay olmasına rağmen donmuş bozuk çıktı. Kutuyu açınca şok oldum. Zaten yeterince pahalı, üstüne bir de bozuk çıktı. Nasıl böyle bir şey olabiliyor?! Tam yemeği bütün malzemeleri hazırlamış pişirmiş en son kremayı dökecek iken açınca bütün yemeğim de kaldı. Her şey cop oldu. Üstüne yemeksiz kaldım. Kutuyu üç kısmından açıp tencereye dökerken o bozulmuş su içine döküldü. Dedim bu ne kutuyu bir açtım tamamen baktım bozukmuş meğer!"
Danone,06.07.2020,Merve ,Danone Tikveşli Danone Meyveli Yoğurtta Küf Çıktı,Tarihi geçmemiş olmasına rağmen küf çıktı çocuklar için üretilen çıtırdat adlı meyveli (çilekli) yoğurtta küf çıktı. Sonuna geldiğinde fark ettik çocukların sağlığıyla oynayan bu marka. müşteri hizmetlerine de ulaşamadım eşim bugün almış ve tarihi de geçmemiş.
Danone,23.06.2020,Fikriye,Danone Tikveşli Yarısının Olmama Sorunu,Bugün Bim marketten çilekli mix Danone aldım açtım yarısı yok. Diğer yarısı nerede koca paket içi bomboş. Paramıza yazık gerçekten kül hakkına giriliyor. Aradım şikayet için ileteceğiz dediler saçmalık.
Danone,22.06.2020,Emre,Activia Probiyotik İçerisinden Çıkan Yabancı Madde,Her hafta düzenli olarak alışverişlerimizin vazgeçilmezi Activia incir ceviz olan 4lü paketten aldık. Yerken ağzımıza kum gibi bir şey geldi ve iğrendik neredeyse. Sağlığımız açısından iyi beslenelim derken düştüğümüz hale bak. İçindeki resmen kumdu şikayete dönüş sağlandığında illaki bir açıklamaları olacak fakat çözüme ulaşılacağını sanmıyorum.
Danone,20.06.2020,Hale,Danone Tikveşli Puding Buzdolabında Küflendi,Aldığımız günden beri buzdolabında sakladığımız Danone puding son kullanma tarihi dolmadan küflendi!
Danone,12.06.2020,Nihal,Danone Tikveşli Hatalı Ürün,Çocuğum için aldığım yoğurttan kıl benzeri ürün çıktı markanıza yakıştıramıyorum. Böyle bir hata nasıl olabilir? Devamlı olarak güven duyarak aldığım bir üründü. Artık alamayacağım nasıl olabilir ambalajlı bir üründen nasıl böyle bir şey çıkabilir inanamıyorum ürünün ivedi olarak incelenmesini rica ederim resim ektedir.
Danone,24.05.2020,Natalia,Danone Tikveşli Ürününüz Küflü Çıktı,Ben çocuklarıma Uzun süreden beri Danone danissimo başta olmak üzere sizin ürünlerinizden alıp yediriyorum. Ancak son aldığım ürünleriniz maalesef son kullanma tarihini henüz olmamasına rağmen ve ambalaj kapağının açılmamasına rağmen fotoğrafta da görüldüğü üzere ürünleriniz küflü çıktı. Ürünlerinize satın aldığım yer Ümraniye de A101 ve Orta park Migros. Ancak küflü Ürününüzü aldığımız yer Ümraniye inkılap Saray Mahallesi deki A101 mağazasıdır. Maalesef çocuklar sevdikleri ürünü küflü görünce çok üzüldüler bilemiyorum bundan sonra yeni ürün urunu alsam yerler ve gerçekten bilemiyorum. Çocukları bu tur sut ürünlerinden uzaklaşmalarını istemiyorum ancak özellikle dokuz yaşındaki oğlum oldukça hassas ve titiz bir çocuk. Sizden ricamız beklentimiz müşteri hizmetlerinizin veya yetkili bir kişinin çocuğumuzu arayarak bir daha benzer aksaklıklara neden olmayacağına dair ve kontrollerin titizlikle yapılacağına dair aşağıdaki telefonda arayarak güvence vermesidir. Böylece oğlum sizlerin ürünleri kontrol edeceğini bilirse güvenirse yemeye devam edebilir.
Danone,23.05.2020,Emrah,Danone Tikveşli'den Dannette Bozuk Puding,Dannette muzlu puding aldık STT 12.06.2020 olmasına rağmen puding bozuk çıktı. Büyük bir firmanın güvenle yediğimiz ürünlerinde bu denli bir olay olması çok üzücü. Bir durum oldu belki sorun üründen ya da soğuk zincir kaynaklı ama bunun takibini ve tüketiciye ulaşmasındaki sorumluluğu firmada olmasını düşünüyorum.
Danone,13.05.2020,Gülay,Danone Tikveşli Aldığım Milkshake Ambalajı Açık,"Marketten aldım eve geldim bu riskli dönemde her şeyi lavaboda yıkıyorum. Kapağını bir açtım yıkayayım diye ambalajı açık ve akmış, kurumuş şok oldum. Böyle bir dönemde her şeye dikkat etmelisiniz. Bir daha mı, asla almam. Böyle bir hata nasıl olur, sonuçta çocuğuma içirecektim."
Danone,16.05.2020,Güngör,Danone Tikveşli'de  Meyveli Yoğurttan Meyve Kurdu Çıktı,"2 gün önce A101 marketten aldığım 4 lü set halinde satılan Danone Activia kayısılı meyveli yoğurdun içinden meyve kurdu çıktı, ne bu markayı ne de başka bir markayı almamanızı tavsiye ederim, güvenim kalmadı benim, umarım daha önceden gözden kaçırıp ta yememişimdir."
Danone,10.05.2020,Osman,"Danone Tikveşli Ürünü Bulamıyorum!
",Danone danissimo limonlu cheesecake yoğurt yok marketler ve internet üzerinde yaptığım aramada ürünü bulamadım çocuğum için alacağım ama yok. Diğer danisimo modellerine baktım onlar da bulunmuyor limonlu olan lazım bir şekilde bulmam gerek.
Danone,14.04.2020,Nur,Danone Tikveşli Çocuk Sağlığı İhmali!,Çok severek ürünlerini kullandığımız Danone firmasının bu denli ihmalkâr olması ailemizi çok üzdü karşı maketten çocuğum için aldığım hüper yoğurt ve milkshake ürünlerinizin tarihi geçmiş ve küflenmişti ve ben bunu fark etmeden çocuğuma içirdim  market yetkilisine söylediğimizde onunla bir alakası olmadığını takibini ürünü getiren firmanın yaptığını söyledi ve biz market görevlisiyle birlikte ürünü getiren firmayı aradık telefona çıkan kişi çok sert bir tavırla (ne yapabilirim yarin gelip ürünleri değiştiririm) dedi ve telefona çıkan kişi dün gelip yeni ürün getirmiş ve tarihi geçmiş ürünleri almadan bırakmış market yetkilisi sürekli uyardığını söyledi. Biz bu durumu ilk defa yaşamadık daha önce de yaşamıştık fakat bu kez söz konuşu çocuğumuz ve bu ihmal affedilemez bu konu hakkında gerekli yerlere başvuruları yapacağız insan sağlığı bu kadar ucuz olmamalı  hele ki şu zor günlerde 2 yaşında  bir bebeğin   bağışıklık sistemiyle böyle oynayamazsınız. Biz gereğini yapacağız sizin de gereğini yapmanızı arz ederiz.
Danone,13.04.2020,Songül,Danone Tikveşli Fiyatının Bir Anda Gereksiz Bir Şekilde Artması!,Aşırı derecede zam yapmışsınız 7.5 TL ken 9. 5 TL yapmışsınız. Her yerde uygun ama sizde fiyatı farklı. Lütfen biraz mantıklı olun. Diğer bazı ürünlerde de aynı şeyi yapıyorsunuz rica ediyorum insaflı olun ve fiyatları düşürün. Evet temiz ürünler yani bilinmiş markalar satıyorsunuz. Niye daha pahalıya satıyorsunuz günah gerçekten. Yazık reçellerde de aynısını yapıyorsunuz.
Danone,03.04.2020,İbrahim ,Danone Puding Gramajı Düşürmüş!,Yıllarca çocuklarımıza danette’yi güvenle yedirdik. Markaya ve firmaya güvenimiz tamdı. Şu sıkıntılı süreçte Eve kapandığımız günlerde bu güvenli firmanın danette marka pudinglerinden aldık. Kapağını açtığımızda içinde puding bulamadık. Kutunun altı içe oval zaten yarısından az var. Ovallik de gizleme amaçlı belli ki. Bir tatlı kasığı puding çıktı resmini de yolluyorum size hiç yakışmadı. Gramajını düşürüp kutusunu büyütüp içini oval yapıp halkı kandırmayın. Kalitenizi düşürmeyin. Koyun pudingi içine alın parasını biz parasına itiraz etmiyoruz
Danone,03.04.2020,Pelin,Danone Tikveşli Tarihi Geçmemiş Ama Ekşi Çıktılar,Bebeğime aldığım danino bebe bisküvili yoğurtlar eksi çıktı. Son kullanma tarihlerine daha 10 gün var. Buna güvenerek tadına bakmadan yedirdim oğluma. Sonuncusunu bugün eşim yedi ve eksi olduğunu söyledi. Allah'a şükür oğluma bir şey olmadı. Ama bütün güvenim bitti şu an. Her gün yedirdiğim bir üründü.
Danone,02.04.2020,Kevser,Danone Tikveşli Danone Muzlu Puding Dibi Küflü Çıktı,Sürekli oğluma aldığım Danone muzlu puding bu kez küflü ve pütür pütür çıktı son kullanma tarihi geçmemiş ama neden böyle çıktı anlamadım çocukların tükettiği bir ürün dikkat edilmesi lazım biz görmesek öyle yese ne olacaktı. Aldığım yerde dolaptaydı evde de dolaba koydum hemen tükettik zaten.
Danone,31.03.2020,Pınar,Danone Tikveşli Yoğurtta Kıl Çıktı,Activia çilekli yoğurt yerken kasığıma gelen kıl parçası. Beni oldukça rahatsız etti. Özellikle Danone activia gibi adı bilinen bir markadan bunu hiç beklemiyordum. Mide bulandırıcı ve çok rahatsız edici. Bu konuyla ilgilenilmesini talep ediyorum. Tüketici açısından kötü bir durum.
Danone,14.03.2020,Emre,Danone Tikveşli Activia'nın Gevreğinden Keskin Plastik Parça Çıktı!,"Beylikdüzü Beykent'ten aldığım Activia mix&GO doğal probiyotikli yoğurdun içine üzerinde bulunan buğday gevreğimi döktüm ve yemeye başladım. 3-4 kaşık sonra ağzıma keskin bir şey geldi. 

Sert gevrek zannedip ısırmaya kalktım olmadı, çıkardığımda keskin bir plastik olduğunu gördüm. Bu büyük bir sorun yaratabilirdi. 

Nasıl olur böyle bir hata anlam veremiyorum. Ya diğer ürünlerin içinden de aynı şey çıkar ve birinin boğazını keserse? Çok keskin bir plastik.

 Şikayet etsem nasıl kanıtlayacağımı bilmiyorum, daha önce de başıma gelmedi bu durum. Kasıtlı mı yoksa Fabrika hatası mı bilemiyorum insan her şeyi düşünüyor."
Danone,09.03.2020,Nesrin,Danone Tikveşli Kakaolu Çocuk Sütü Bozuk Çıktı!,Tarihi geçmemiş olmasına rağmen Danone marka çocuk sütü bozuk çıktı ve içinden çok tuhaf parçalar çıktı. Migros marketten aldık. Marka yetkililerin bu konu hakkındaki açıklamalarını merak ediyorum. Çocuklarımıza içirmek için aldığımız bir üründe nasıl böyle bir durum yaşanabilir.
Danone,05.03.2020,Betül,Danone Tikveşli Kapağın Darbe Almadan Çıkması,Aldığım salep kapağı darbe almadan çıktı. bu kadar kalitesiz bir malzeme kullanmanız şaşırttı. Ürünlerinizi sürekli tüketen biriyim fakat ürünün yarısını yarın içmek için dolaba yerleştirecektim ama ağzı açık hiç sağlıklı değil. Umarım firma dönüş yapar.
Danone,03.03.2020,Tahir,Danone Tikveşli Activa Probiyotik Shottan Çıkan Nesneler,2 haftadır activa probiyotik shot kullanıyorum. 2 çeşit ürünü karışık aldım. Ürünlerin bazılarından fotoğrafta gözüken şeyler çıkıyor. Böcek benziyor ama ne olduğuna karar veremedim. İçip içmeme konusunda kararsız kalıp döktüm.
Danone,20.02.2020,Umut,Danone Tikveşli 6 Paket Skt Bulunmuyor,Migros'tan aldığımız 6 li Danone pudinglerinde 6 li paketlerin herhangi bir yerinde SKT bulunmuyor ve bu sebeple tarihi geçmiş ürün alıp almadığımızı göremiyoruz. Süt ürünü satan bir firma olarak bunun geliştirilmesi gerektiğini belirtmek isterim.
Danone,22.02.2020,Zeliha,Danone Tikveşli Yarım Çıkan Yoğurtlar!,"Üstü şekerli Danone yoğurt aldık yarısı boş çıktı! Daha önce de yarım çıkmıştı. Sürekli kullandığım bir marka ama çocuklarımıza yediriyoruz bunları daha miktarını ayarlayamıyorsunuz içeriğine nasıl güvenelim? 

En iyisini alıyoruz diye içimiz rahattı siz de böyle yaparsanız diğer ürünlerle fiyat farkınızdan başka bir şey kalmayacak geriye!"
Danone,21.02.2020,Nesrin,Activia Yoğurdun Dibi Sarı Sarı,"Sade olarak almış olduğum toğurdun dibi sarı küf gibi çıkıyor. Bu 2. Defa yazdım dönüş yok. Son kullanma tarihi geçmeden nasıl bölye bir durum oluyor. Zehirlenmekten korkuyorum. Diyet yaptığım için tercih ediyorum ama vazgeçmem gerek sanırım. Destek rica ederim.
Saygılarımla.

"
Danone,20.01.2020,Nagihan,Danone Tikveşli Süt Bozuk,İstanbul Sancaktepe' den aldığım Danone süt bozuk çıktı. İnanılmaz kötü kokuyordu. Süt beyazdan krem rengine dönmüş. Hayatımda böyle bir şey görmedim. Tarihi geçmemişti ama bozulmuş. Çok garip bir durum ilgili kişilerin daha dikkatli olmasını diliyorum.
